"French","French"
"French","French"
"French","French"
"French","French"
"French","French"
"French","French"
"French","French"
"French","French"
"French","French"
"French","French"
"French","French"
"French","French"
"French","French"
"French","French"
"French","French"
"French","French"
"French","French"
"French","French"
"French","French"
"French","French"
"French","French"
"French","French"
"French","French"
"French","French"
"French","French"
"French","French"
"French","French"
"French","French"
"French","French"
"French","French"
"French","French"
"French","French"
"French","French"
"French","French"
"French","French"
"French","French"
"French","French"
"French","French"
"French","French"
"French","French"
"French","German"
"French","German"
"French","German"
"French","German"
"French","German"
"French","German"
"French","German"
"French","German"
"German","French"
"German","French"
"German","French"
"German","French"
"German","French"
"German","French"
"German","French"
"German","French"
"German","French"
"German","French"
"German","French"
"German","French"
"German","German"
"German","German"
"German","German"
"German","German"
"German","German"
"German","German"
"German","German"
"German","German"
"German","German"
"German","German"
"German","German"
"German","German"
"German","German"
"German","German"
"German","German"
"German","German"
"German","German"
"German","German"
"German","German"
"German","German"
"German","German"
"German","German"
